,,,,,,,Epochs = 50,,,,,,,,,,,,,,,,,,,,,,,,,,,,,
,,,,,,,,,,,,,,,,,,,,,,,,,,,,,,,,,,,,
,,,,,,,,,,,,,,,,,,,,,,,,,,,,,,,,,,,,
S.No.,Dataset Name ,,                       Baseline,,,,            Sparsifaction(K=5),,,,               Sparsifaction(K=10) ,,,,             Sparsifaction(K=25) ,,,,             Sparsifaction(K=50),,,,            Sparsifaction(K=100),,,,          Sparsifaction(K=250),,,,          Sparsifaction(K=500),,,,Dataset Name ,Average Degree
,,,Acc.,Time taken ,Edges,,Acc.,Time taken ,Edges,,Acc.,Time taken ,Edges,,Acc.,Time taken ,Edges,,Acc.,Time taken ,Edges,,Acc.,Time taken ,Edges,,Acc.,Time taken ,Edges,,Acc.,Time taken ,Edges,,,
1,Reddit,,0.9408,2342.29s,57424428,,0.7098,92.26s,689653,,0.7063,97.81s,1244952,,0.7496,115.30s,2835497,,0.8029,179.04s,5291891,,0.8604,308.17s,9649972,,0.9119,703.10s,19691977,,0.9302,1204.02s,30598452,,Reddit,493
2,OGBN-Products,,0.9134,3015.11s,63083526,,0.7424,536.25s,6779472,,0.7795,549.51s,11450608,,0.8511,640.91s,22327577,,0.8949,877.31s,34705249,,0.9074,1758.35s,47342947,,0.9134,2678.49s,57076419,,,,,,OGBN-Products,52
3,OGBN-Arxiv,,0.7064,49.69s,1242470,,0.6109,44.90s,417553,,0.6481,43.33s,608212,,0.68,46.65s,871507,,0.7,46.94s,1001256,,0.7038,47.39s,1078980,,0.7066,48.72s,1144817,,,,,,OGBN-Arxiv,8
4,Yelp,,0.8592,26.25s,"3,869,956",,0.8742,12.66s,"137,598",,0.8716,12.89s,"251,340",,0.8592,12.87s,"585,767",,0.8594,14.05s,"1,112,996",,0.8583,18.54s,"2,026,430",,0.8603,25.44s,"3,626,997",,,,,,Yelp,177
5,IGB-small,,,,,,,,,,,,,,,,,,,,,,,,,,,,,,,,,,IGB-small,
,,,,,,,,,,,,,,,,,,,,,,,,,,,,,,,,,,,,
,,,,,,,,,,,,,,,,,,,,,,,,,,,,,,,,,,,,
,,,,,,,,,,,,,,,,,,,,,,,,,,,,,,,,,,,,
,,,,,,,,,,,,,,,,,,,,,,,,,,,,,,,,,,,,
,,,,,,,,,,,,,,,,,,,,,,,,,,,,,,,,,,,,
,,,,,,,,Gloabl Sparsification,,,,,,,,,,,,,,,,,,,,,,,,,,,,
,,,,,,,,,,,,,,,,,,,,,,,,,,,,,,,,,,,,
,,,,,,,,,,,,,,,,,,,,,,,,,,,,,,,,,,,,
,,,,,,,,,,,,,,,,,,,,,,,,,,,,,,,,,,,,
,,,,,,,,,,,,,,,,,,,,,,,,,,,,,,,,,,,,
S.No.,Dataset Name ,,                       Baseline,,,,            Sparsifaction(0.5),,,,               Sparsifaction(K=0.6) ,,,,             Sparsifaction(K=0.7) ,,,,             Sparsifaction(K=0.8),,,,,,,,Dataset Name ,Average Degree,,,,,,,,
,,,Acc.,Time taken ,Edges,,Acc.,Time taken ,Edges,,Acc.,Time taken ,Edges,,Acc.,Time taken ,Edges,,Acc.,Time taken ,Edges,,,,,,,,,,,,,,,
1,Reddit,,0.941,2656.42s,57424428,,0.811,1562.73s,28770455,,0.8461,1906.34s,34501250,,,,40232044,,0.8999,2532.62s,45962839,,,,,,Reddit,493,,,,,,,,
2,OGBN-Products,,0.9139,2987.80s,63083526,,0.8589,1904.79s,32154014,,0.8699,2143.35s,38339912,,0.8829,2376.72s,44525811,,0.8974,2602.76s,50711714,,,,,,OGBN-Products,52,,,,,,,,
3,OGBN-Arxiv,,0.7086,60.47s,1242470,,0.6178,57.49s,663571,,0.6272,58.64s,779350,,0.6515,60.09s,895130,,0.668,59.17s,1010910,,,,,,OGBN-Arxiv,8,,,,,,,,
4,Yelp,,0.859,26.13s,"3,869,956",,0.8585,18.17s,"1,946,466",,0.8583,20.60s,"2,331,164",,0.8588,21.777s,"2,715,862",,0.8585,23.355s,"3,100,560",,,,,,Yelp,177,,,,,,,,
5,IGB-small,,,,,,,,,,,,,,,,,,,,,,,,,,IGB-small,,,,,,,,,